{
    "inst": "i300_1",
    "I": 300,
    "J": 300,
    "Configuration": "PaKS",
    "total_timelimit": 300,
    "status": "Started",
    "z_KS": 16674.597713,
    "len(I_KS)": 45,
    "m": 72,
    "num_Br": 4,
    "bucket_size_y": [
        12,
        7,
        4,
        2
    ],
    "bucket_size_x": [
        1532,
        1205,
        479,
        205
    ],
    "bucket_size_y_avg": 6.25,
    "bucket_size_x_avg": 855.25,
    "time_generate_S": 23.89600944519043,
    "time_generate_R": 1.9030137062072754,
    "time_sort_variables": 0.8408000469207764,
    "time_derive_kernel_K": 0.05283832550048828,
    "time_derive_buckets_Bcal": 0.06463313102722168,
    "time_preprocessing": 26.777127981185913,
    "time_solve_MIP_K": 55.0835223197937,
    "time_improvement": 217.8233675956726,
    "time_run_kernel_search": 299.69302439689636
}