{
    "inst": "i300_1",
    "I": 300,
    "J": 300,
    "Configuration": "PaKS",
    "total_timelimit": 3600,
    "status": "Started",
    "z_KS": 16555.773082,
    "len(I_KS)": 45,
    "m": 72,
    "num_Br": 4,
    "bucket_size_y": [
        12,
        7,
        4,
        2
    ],
    "bucket_size_x": [
        1532,
        1205,
        479,
        205
    ],
    "bucket_size_y_avg": 6.25,
    "bucket_size_x_avg": 855.25,
    "time_generate_S": 21.12668752670288,
    "time_generate_R": 2.1583874225616455,
    "time_sort_variables": 0.8544285297393799,
    "time_derive_kernel_K": 0.06499218940734863,
    "time_derive_buckets_Bcal": 0.04685378074645996,
    "time_preprocessing": 24.257912397384644,
    "time_solve_MIP_K": 716.1193997859955,
    "time_improvement": 2859.935909986496,
    "time_run_kernel_search": 3605.7624399662
}